鄉鎮市區,土地面積平方公尺,租賃年月日,租賃層次,建物型態,單價元平方公尺
The villages and towns urban district,land shifting total area square meter,transaction year month and day,shifting level,building state,the unit price (NTD / square meter)
中山區,5.09,1070205,十一層,住宅大樓(11層含以上有電梯),384
中山區,5.0,1070210,五層,華廈(10層含以下有電梯),419
中山區,77.5,1070201,一層,公寓(5樓含以下無電梯),500
南港區,30.95,1070214,一層,公寓(5樓含以下無電梯),478
大安區,32.48,1070206,一層,店面(店鋪),1248
中山區,56.46,1070208,八層,華廈(10層含以下有電梯),337
內湖區,12.49,1070214,三層,華廈(10層含以下有電梯),248
內湖區,21.9,1070215,九層,住宅大樓(11層含以上有電梯),389
大同區,22.0,1070123,一層,公寓(5樓含以下無電梯),322
大安區,33.42,1070212,七層,華廈(10層含以下有電梯),332
大安區,30.45,1070212,一層,店面(店鋪),932
內湖區,23.75,1070223,四層,公寓(5樓含以下無電梯),269
信義區,34.98,1070213,一層,華廈(10層含以下有電梯),919
大安區,33.66,1070124,一層,辦公商業大樓,3507
內湖區,36.81,1070223,一層,公寓(5樓含以下無電梯),228
中山區,26.05,1070103,一層,住宅大樓(11層含以上有電梯),345
大安區,9.95,1070221,五層,其他,374
內湖區,74.64,1070129,四層,廠辦,293
內湖區,24.46,1070222,十二層,住宅大樓(11層含以上有電梯),270
中山區,88.7,1070129,全,透天厝,451
中山區,107.07,1070130,全,透天厝,654
中山區,209.5,1070130,一層,住宅大樓(11層含以上有電梯),525
中山區,85.04,1070226,全,透天厝,764
松山區,6.71,1070301,一層,華廈(10層含以下有電梯),746
松山區,44.0,1070220,一層,公寓(5樓含以下無電梯),539
南港區,22.79,1060201,五層,住宅大樓(11層含以上有電梯),398
萬華區,32.99,1070301,三層,公寓(5樓含以下無電梯),165
內湖區,58.7,1070206,二層,廠辦,209
萬華區,13.44,1070205,五層,住宅大樓(11層含以上有電梯),262
中正區,102.53,1070213,一層,店面(店鋪),927
中山區,62.18,1070301,三層,華廈(10層含以下有電梯),486
內湖區,29.04,1070304,一層,店面(店鋪),278
中山區,38.0,1070305,四層,公寓(5樓含以下無電梯),366
南港區,69.41,1070301,四層,廠辦,170
中山區,29.0,1070209,一層,倉庫,NA
內湖區,13.9,1070227,一層,店面(店鋪),381
大安區,40.09,1070306,六層,華廈(10層含以下有電梯),290
中山區,313.4,1070302,NA,其他,319
松山區,27.62,1070306,三層,公寓(5樓含以下無電梯),276
北投區,30.25,1070212,一層,店面(店鋪),378
內湖區,5977.66,1070301,九層,廠辦,407
松山區,9.4,1070227,三層,住宅大樓(11層含以上有電梯),297
信義區,44.75,1070303,三層,公寓(5樓含以下無電梯),262
松山區,8.37,1070222,一層,住宅大樓(11層含以上有電梯),888
南港區,25.25,1070314,一層,公寓(5樓含以下無電梯),333
大同區,26.01,1070310,二層,公寓(5樓含以下無電梯),206
大同區,18.05,1070301,十二層,辦公商業大樓,332
大安區,7.9,1070310,六層,華廈(10層含以下有電梯),488
內湖區,46.46,1070222,一層,公寓(5樓含以下無電梯),268
內湖區,800.33,1070301,三層,廠辦,349
松山區,29.25,1070314,六層,華廈(10層含以下有電梯),272
大安區,16.73,1070315,十二層,住宅大樓(11層含以上有電梯),303
大安區,24.56,1070312,一層,住宅大樓(11層含以上有電梯),603
內湖區,26.81,1070317,一層,店面(店鋪),488
中山區,29.27,1070316,一層,公寓(5樓含以下無電梯),425
中山區,13.96,1070309,一層,華廈(10層含以下有電梯),504
松山區,11.66,1070213,十三層,辦公商業大樓,479
松山區,9.1,1070301,三層,住宅大樓(11層含以上有電梯),340
大同區,18.88,1070311,七層,住宅大樓(11層含以上有電梯),313
內湖區,354.51,1070227,九層,廠辦,649
內湖區,27.32,1070314,四層,華廈(10層含以下有電梯),234
內湖區,8.11,1070313,八層,住宅大樓(11層含以上有電梯),416
士林區,33.32,1070309,九層,華廈(10層含以下有電梯),225
松山區,9.13,1070313,十四層,住宅大樓(11層含以上有電梯),234
南港區,371.0,1070317,五層,辦公商業大樓,491
中山區,10.19,1070224,四層,套房(1房1廳1衛),593
信義區,12.03,1070321,一層,住宅大樓(11層含以上有電梯),530
大安區,6.82,1070322,一層,住宅大樓(11層含以上有電梯),1206
信義區,26.13,1070320,三層,公寓(5樓含以下無電梯),316
內湖區,42.73,1070309,三層,辦公商業大樓,556
內湖區,17.28,1020222,一層,店面(店鋪),554
中山區,5.92,1070320,三層,住宅大樓(11層含以上有電梯),704
大安區,4.97,1070301,一層,住宅大樓(11層含以上有電梯),1086
大同區,127.0,1070323,全,透天厝,425
松山區,4.18,1070321,三層,住宅大樓(11層含以上有電梯),601
中山區,795.0,1070327,一層,店面(店鋪),707
信義區,35.75,1070322,一層,公寓(5樓含以下無電梯),457
士林區,100.9,1070322,一層,店面(店鋪),409
中山區,4.12,1070324,三層,住宅大樓(11層含以上有電梯),406
松山區,372.98,1070326,六層,辦公商業大樓,401
松山區,7.82,1070323,七層,華廈(10層含以下有電梯),355
南港區,39.45,1070321,二層,住宅大樓(11層含以上有電梯),241
松山區,37.25,1070326,一層,公寓(5樓含以下無電梯),472
松山區,24.28,1070313,二層,住宅大樓(11層含以上有電梯),240
大安區,34.36,1070312,一層,店面(店鋪),867
大安區,243.0,1070325,六層,辦公商業大樓,310
中山區,9.68,1070330,十四層,住宅大樓(11層含以上有電梯),401
信義區,16.0,1070323,十七層,住宅大樓(11層含以上有電梯),754
信義區,14.15,1070323,十七層,住宅大樓(11層含以上有電梯),817
信義區,16.18,1070323,十八層,住宅大樓(11層含以上有電梯),635
信義區,13.45,1070323,十六層,住宅大樓(11層含以上有電梯),697
信義區,15.19,1070323,六層,住宅大樓(11層含以上有電梯),666
內湖區,14.28,1070401,一層,住宅大樓(11層含以上有電梯),338
內湖區,93.32,1070314,九層,廠辦,335
士林區,63.95,1070323,九層,住宅大樓(11層含以上有電梯),473
士林區,81.29,1070301,二十層,住宅大樓(11層含以上有電梯),515
北投區,116.0,1070402,二層,公寓(5樓含以下無電梯),303
內湖區,37.93,1070330,NA,其他,NA
文山區,27.58,1070328,二層,公寓(5樓含以下無電梯),206
信義區,3.93,1070222,十五層,住宅大樓(11層含以上有電梯),581
中山區,14.27,1070226,八層,住宅大樓(11層含以上有電梯),304
內湖區,1.0,1070312,五層,廠辦,470
大安區,11.75,1070410,十二層,辦公商業大樓,443
南港區,25.45,1070402,十三層,住宅大樓(11層含以上有電梯),448
南港區,27.68,1070410,五層,住宅大樓(11層含以上有電梯),395
信義區,7.38,1070324,十層,住宅大樓(11層含以上有電梯),604
信義區,7.38,1070324,十層,住宅大樓(11層含以上有電梯),604
內湖區,23.31,1070401,一層,公寓(5樓含以下無電梯),325
內湖區,16.26,1070412,一層,住宅大樓(11層含以上有電梯),419
松山區,3423.0,1070416,三層,住宅大樓(11層含以上有電梯),306
中山區,181.85,1070323,全,透天厝,1203
松山區,64.75,1070331,一層,公寓(5樓含以下無電梯),753
信義區,24.16,1070411,一層,店面(店鋪),367
內湖區,43.65,1070412,九層,辦公商業大樓,363
北投區,18.91,1070413,五層,公寓(5樓含以下無電梯),245
大安區,46.13,1070416,一層,公寓(5樓含以下無電梯),265
文山區,24.5,1070416,一層,公寓(5樓含以下無電梯),404
大安區,26.03,1070402,一層,公寓(5樓含以下無電梯),481
北投區,14.04,1070418,七層,住宅大樓(11層含以上有電梯),393
內湖區,14.05,1070418,四層,住宅大樓(11層含以上有電梯),299
中山區,13.94,1070330,四層,住宅大樓(11層含以上有電梯),322
信義區,31.25,1070403,二層,公寓(5樓含以下無電梯),367
松山區,34.13,1070402,六層,華廈(10層含以下有電梯),209
南港區,14.15,1070420,八層,華廈(10層含以下有電梯),257
信義區,4.24,1070416,十六層,辦公商業大樓,542
士林區,25.12,1070419,六層,華廈(10層含以下有電梯),200
中山區,21.98,1070401,一層,住宅大樓(11層含以上有電梯),768
松山區,4.42,1070402,十六層,住宅大樓(11層含以上有電梯),501
內湖區,15.08,1070416,二層,住宅大樓(11層含以上有電梯),289
大安區,23.78,1070423,二層,華廈(10層含以下有電梯),480
大同區,1228.0,1070331,一層,店面(店鋪),503
大同區,53.0,1070407,一層,店面(店鋪),878
中正區,144.91,1070329,一層,華廈(10層含以下有電梯),435
內湖區,22.72,1070424,三層,華廈(10層含以下有電梯),369
南港區,25.5,1070401,一層,公寓(5樓含以下無電梯),316
信義區,16.92,1070406,七層,辦公商業大樓,263
中山區,11.2,1070326,十二層,套房(1房1廳1衛),584
萬華區,123.0,1070118,一層,店面(店鋪),183
大同區,92.0,1070411,一層,店面(店鋪),371
松山區,11.45,1070423,一層,店面(店鋪),1143
內湖區,51.78,1070425,四層,華廈(10層含以下有電梯),411
內湖區,62.27,1070425,四層,華廈(10層含以下有電梯),394
士林區,84.98,1070401,一層,店面(店鋪),765
大安區,15.97,1070326,一層,店面(店鋪),1939
信義區,14.75,1070420,一層,公寓(5樓含以下無電梯),295
南港區,134.0,1070501,NA,其他,381
松山區,25.71,1070420,一層,店面(店鋪),415
內湖區,12.45,1070501,一層,華廈(10層含以下有電梯),302
中山區,0.76,1070426,NA,其他,NA
內湖區,11.43,1070410,九層,住宅大樓(11層含以上有電梯),607
大安區,599.0,1070503,九層,住宅大樓(11層含以上有電梯),395
大安區,35.0,1070419,一層,公寓(5樓含以下無電梯),625
松山區,21.58,1070418,一層,公寓(5樓含以下無電梯),425
大安區,8.66,1070507,六層,華廈(10層含以下有電梯),401
松山區,14.08,1070430,五層,辦公商業大樓,361
內湖區,41.56,1070409,NA,其他,NA
中山區,85.0,1070504,見其他登記事項,店面(店鋪),1161
The villages and towns urban district,land shifting total area square meter,transaction year month and day,shifting level,building state,the unit price (NTD / square meter)
松山區,45.47,1071127,一層,公寓(5樓含以下無電梯),390
中山區,111.28,1071229,二層,店面(店鋪),737
內湖區,52.28,1080131,六層,廠辦,427
南港區,49.98,1080115,八層,住宅大樓(11層含以上有電梯),584
文山區,14.87,1080127,十四層,住宅大樓(11層含以上有電梯),230
內湖區,4.6,1080113,六層,辦公商業大樓,414
內湖區,26.39,1080201,五層,公寓(5樓含以下無電梯),225
松山區,15.94,1080110,七層,套房(1房1廳1衛),550
信義區,4.62,1080108,一層,華廈(10層含以下有電梯),711
松山區,504.0,1080101,一層,華廈(10層含以下有電梯),215
大安區,11.22,1080103,七層,住宅大樓(11層含以上有電梯),503
中山區,74.87,1080130,一層,公寓(5樓含以下無電梯),254
中山區,41.13,1080125,一層,住宅大樓(11層含以上有電梯),677
中正區,130.7,1080122,三層,華廈(10層含以下有電梯),267
中山區,9.43,1080128,四層,住宅大樓(11層含以上有電梯),353
中山區,74.93,1080123,一層,公寓(5樓含以下無電梯),1335
松山區,90.82,1080109,一層,住宅大樓(11層含以上有電梯),1427
信義區,58.83,1080130,一層,華廈(10層含以下有電梯),637
大安區,331.0,1071125,一層,華廈(10層含以下有電梯),777
內湖區,36.31,1080218,一層,店面(店鋪),365
中山區,40.0,1071219,一層,公寓(5樓含以下無電梯),601
文山區,49.25,1080130,四層,公寓(5樓含以下無電梯),169
信義區,41.31,1080107,六層,住宅大樓(11層含以上有電梯),351
中山區,99.0,1080102,全,透天厝,1160
內湖區,60.38,1080122,一層,公寓(5樓含以下無電梯),316
松山區,8.0,1080222,一層,店面(店鋪),1159
信義區,9.15,1080222,三層,住宅大樓(11層含以上有電梯),531
信義區,27.5,1080203,一層,店面(店鋪),1349
松山區,45.87,1080223,七層,住宅大樓(11層含以上有電梯),325
松山區,35.13,1080201,一層,公寓(5樓含以下無電梯),426
中山區,25.86,1080301,二層,華廈(10層含以下有電梯),311
松山區,41.0,1080304,一層,公寓(5樓含以下無電梯),294
松山區,15.69,1080227,三層,辦公商業大樓,314
松山區,11.29,1080227,七層,住宅大樓(11層含以上有電梯),338
大安區,1384.0,1080215,三層,辦公商業大樓,571
大安區,7.07,1080306,八層,辦公商業大樓,417
南港區,38.67,1080210,三層,公寓(5樓含以下無電梯),231
大安區,9.05,1080307,一層,店面(店鋪),1162
大安區,25.69,1080212,二層,華廈(10層含以下有電梯),360
內湖區,35.48,1080214,一層,公寓(5樓含以下無電梯),365
松山區,2.31,1080225,十九層,住宅大樓(11層含以上有電梯),577
松山區,14.7,1080224,四層,住宅大樓(11層含以上有電梯),333
松山區,12.44,1080218,六層,住宅大樓(11層含以上有電梯),287
南港區,45.48,1080221,一層,店面(店鋪),305
大安區,21.3,1080311,一層,華廈(10層含以下有電梯),464
內湖區,19.16,1080304,一層,店面(店鋪),721
北投區,28.27,1080131,三層,住宅大樓(11層含以上有電梯),296
中正區,17.0,1080222,三層,華廈(10層含以下有電梯),372
內湖區,26.85,1080311,四層,住宅大樓(11層含以上有電梯),335
松山區,56.75,1080131,一層,華廈(10層含以下有電梯),291
松山區,35.5,1080306,一層,公寓(5樓含以下無電梯),431
大安區,21.75,1080128,十六層,辦公商業大樓,407
大安區,17.58,1080131,一層,店面(店鋪),718
中山區,106.68,1080312,七層,住宅大樓(11層含以上有電梯),636
大安區,17.34,1080219,七層,華廈(10層含以下有電梯),686
大安區,54.14,1080315,一層,店面(店鋪),483
內湖區,1.0,1080226,二層,廠辦,352
南港區,108.0,1080312,NA,其他,241
內湖區,154.46,1080311,一層,華廈(10層含以下有電梯),321
內湖區,23.57,1080315,全,透天厝,456
信義區,25.91,1080215,四層,公寓(5樓含以下無電梯),232
中山區,105.0,1080211,一層,公寓(5樓含以下無電梯),357
士林區,265.0,1080315,三層,辦公商業大樓,298
中山區,50.0,1080211,五層,住宅大樓(11層含以上有電梯),344
內湖區,51.3,1080304,五層,辦公商業大樓,259
中山區,33.15,1080321,三層,辦公商業大樓,354
信義區,21.92,1080227,六層,華廈(10層含以下有電梯),231
士林區,30.79,1080323,二層,華廈(10層含以下有電梯),217
內湖區,519.84,1080325,六層,廠辦,274
松山區,8.66,1080322,十一層,住宅大樓(11層含以上有電梯),504
內湖區,36.36,1080329,一層,公寓(5樓含以下無電梯),288
信義區,12.74,1080401,十層,住宅大樓(11層含以上有電梯),426
松山區,1335.0,1080401,六層,辦公商業大樓,391
松山區,52.49,1080223,一層,店面(店鋪),340
信義區,17.87,1080308,一層,華廈(10層含以下有電梯),717
松山區,18.85,1080315,十層,辦公商業大樓,331
內湖區,24.68,1080401,一層,公寓(5樓含以下無電梯),376
中山區,71.3,1080315,二層,辦公商業大樓,575
中山區,4.09,1080216,二層,華廈(10層含以下有電梯),549
中山區,17.51,1080222,十三層,住宅大樓(11層含以上有電梯),366
內湖區,2083.67,1080401,二層,廠辦,392
內湖區,122.56,1080313,四層,廠辦,479
內湖區,26.82,1080324,NA,其他,NA
內湖區,33.05,1080325,六層,住宅大樓(11層含以上有電梯),254
內湖區,41.56,1080326,NA,其他,NA
萬華區,3.29,1080228,一層,店面(店鋪),1141
信義區,115.0,1080330,全,透天厝,146
信義區,30.0,1080331,一層,店面(店鋪),767
士林區,9.62,1080327,四層,住宅大樓(11層含以上有電梯),361
萬華區,13.93,1080227,三層,住宅大樓(11層含以上有電梯),272
內湖區,50.74,1080302,二層,住宅大樓(11層含以上有電梯),205
萬華區,39.0,1080409,一層,店面(店鋪),779
大安區,8.99,1080318,一層,店面(店鋪),1039
中正區,185.96,1080314,一層,店面(店鋪),645
南港區,13.39,1080406,一層,店面(店鋪),587
內湖區,97.72,1080315,五層,廠辦,446
中山區,244.76,1080223,一層,店面(店鋪),858
中山區,39.0,1080319,見其他登記事項,店面(店鋪),496
內湖區,57.85,1080409,一層,公寓(5樓含以下無電梯),300
信義區,42.3,1080410,一層,店面(店鋪),2785
大安區,5.01,1080305,十六層,住宅大樓(11層含以上有電梯),380
南港區,15.54,1080320,一層,公寓(5樓含以下無電梯),319
信義區,14.11,1080311,十層,住宅大樓(11層含以上有電梯),612
信義區,44.59,1080116,十四層,住宅大樓(11層含以上有電梯),621
信義區,37.34,1080402,四層,辦公商業大樓,516
內湖區,20.33,1080308,一層,公寓(5樓含以下無電梯),379
大安區,53.95,1080412,四層,華廈(10層含以下有電梯),374
中山區,5.47,1080123,十一層,住宅大樓(11層含以上有電梯),562
南港區,3321.85,1080408,九層,住宅大樓(11層含以上有電梯),236
士林區,66.0,1080415,一層,公寓(5樓含以下無電梯),338
信義區,31.56,1080412,九層,辦公商業大樓,522
信義區,12.98,1080417,三層,辦公商業大樓,417
大安區,19.91,1080328,八層,住宅大樓(11層含以上有電梯),372
松山區,27.49,1080323,一層,店面(店鋪),429
內湖區,1.0,1080315,二層,廠辦,269
內湖區,1.0,1080318,六層,廠辦,322
內湖區,1.0,1080402,三層,廠辦,235
內湖區,1.0,1080419,六層,廠辦,284
大安區,15.64,1080304,一層,店面(店鋪),1005
大安區,30.5,1080314,十二層,住宅大樓(11層含以上有電梯),424
大安區,7.3,1080423,三層,住宅大樓(11層含以上有電梯),392
大同區,133.35,1080331,見其他登記事項,店面(店鋪),375
內湖區,27.25,1080318,一層,公寓(5樓含以下無電梯),343
內湖區,33.34,1080418,二層,公寓(5樓含以下無電梯),266
中山區,108.0,1080412,見其他登記事項,店面(店鋪),547
松山區,29.12,1080325,七層,華廈(10層含以下有電梯),343
信義區,67.5,1080416,一層,店面(店鋪),473
松山區,46.13,1080411,一層,店面(店鋪),712
大安區,3.83,1080411,十層,套房(1房1廳1衛),443
大安區,11.55,1080423,八層,住宅大樓(11層含以上有電梯),302
中正區,10.94,1080418,一層,辦公商業大樓,450
中正區,13.38,1080418,一層,辦公商業大樓,435
士林區,31.84,1080418,一層,公寓(5樓含以下無電梯),595
士林區,113.98,1080426,七層,辦公商業大樓,380
信義區,23.14,1080423,二層,華廈(10層含以下有電梯),268
松山區,1737.0,1080212,三層,華廈(10層含以下有電梯),382
萬華區,72.59,1080327,一層,店面(店鋪),358
中山區,20.35,1080425,七層,華廈(10層含以下有電梯),302
中山區,303000.0,1080220,一層,華廈(10層含以下有電梯),350
中山區,29.42,1080307,五層,辦公商業大樓,612
中山區,74.93,1080412,一層,店面(店鋪),1335
中山區,101.94,1080412,一層,店面(店鋪),563
信義區,294.95,1080320,六層,辦公商業大樓,560
松山區,90.18,1080320,六層,華廈(10層含以下有電梯),302
松山區,17.56,1080401,二層,辦公商業大樓,381
信義區,65.7,1080426,一層,公寓(5樓含以下無電梯),450
大安區,11.74,1080320,三層,住宅大樓(11層含以上有電梯),336
大安區,101.81,1080401,一層,公寓(5樓含以下無電梯),614
大安區,30.61,1080424,四層,華廈(10層含以下有電梯),316
中山區,41.4,1080315,一層,公寓(5樓含以下無電梯),349
中山區,82.93,1080402,一層,店面(店鋪),1568
內湖區,43.91,1080330,五層,住宅大樓(11層含以上有電梯),233
大安區,13.74,1080501,九層,住宅大樓(11層含以上有電梯),527
萬華區,4.09,1080413,八層,辦公商業大樓,420
中正區,24.25,1080408,一層,公寓(5樓含以下無電梯),507
萬華區,18.99,1080410,十三層,住宅大樓(11層含以上有電梯),238
萬華區,19.28,1080325,二層,公寓(5樓含以下無電梯),233
內湖區,55.6,1080322,三層,辦公商業大樓,310
內湖區,147.0,1080501,一層,店面(店鋪),253
信義區,9.88,1080422,一層,華廈(10層含以下有電梯),1050
松山區,25.92,1080429,三層,華廈(10層含以下有電梯),460
中山區,24.07,1080402,十二層,辦公商業大樓,404
中正區,19.15,1080501,四層,住宅大樓(11層含以上有電梯),352
信義區,1649.0,1080412,五層,住宅大樓(11層含以上有電梯),562
信義區,44.39,1080430,一層,店面(店鋪),1440
信義區,390.92,1080430,十一層,辦公商業大樓,794
松山區,4.42,1080422,十七層,住宅大樓(11層含以上有電梯),493
大安區,9.63,1080416,四層,辦公商業大樓,370
士林區,7.08,1080503,一層,其他,618
內湖區,88.0,1080501,全,透天厝,172
內湖區,89.39,1080402,一層,店面(店鋪),541
大安區,13.15,1080506,五層,住宅大樓(11層含以上有電梯),322
中山區,14.02,1080415,NA,其他,NA
The villages and towns urban district,land shifting total area square meter,transaction year month and day,shifting level,building state,the unit price (NTD / square meter)
內湖區,76.8,1081209,二層,辦公商業大樓,267
大安區,17.58,1090211,十一層,住宅大樓(11層含以上有電梯),372
中山區,54.22,1090203,地下一層,住宅大樓(11層含以上有電梯),194
松山區,5.26,1090207,一層,店面(店鋪),647
信義區,41.96,1090217,一層,華廈(10層含以下有電梯),308
北投區,67.65,1090211,全,透天厝,451
中山區,87.0,1090112,三層,公寓(5樓含以下無電梯),329
中山區,148.0,1081216,全,透天厝,605
內湖區,38.8,1090224,五層,華廈(10層含以下有電梯),231
內湖區,21.4,1090215,二層,華廈(10層含以下有電梯),294
內湖區,188.23,1090206,四層,廠辦,476
內湖區,1993.18,1090204,八層,廠辦,399
中山區,46.06,1090114,九層,住宅大樓(11層含以上有電梯),362
中山區,1059.0,1090111,見其他登記事項,住宅大樓(11層含以上有電梯),677
松山區,28.51,1090215,一層,華廈(10層含以下有電梯),333
大安區,13.11,1090123,八層,住宅大樓(11層含以上有電梯),454
內湖區,8.26,1090226,十四層,住宅大樓(11層含以上有電梯),399
內湖區,26.82,1090219,NA,其他,NA
內湖區,41.56,1090218,NA,其他,NA
大安區,16.4,1090227,七層,住宅大樓(11層含以上有電梯),314
中山區,16.79,1090213,六層,辦公商業大樓,608
內湖區,534.0,1090225,四層,住宅大樓(11層含以上有電梯),346
文山區,32.25,1090222,二層,公寓(5樓含以下無電梯),240
南港區,25.0,1090220,二層,公寓(5樓含以下無電梯),313
南港區,21.7,1090225,四層,華廈(10層含以下有電梯),423
大安區,199.0,1090303,全,透天厝,245
內湖區,24.0,1090304,一層,住宅大樓(11層含以上有電梯),346
信義區,6.13,1090305,十一層,住宅大樓(11層含以上有電梯),653
大安區,33.94,1090228,二層,華廈(10層含以下有電梯),356
大同區,19.89,1090218,三層,公寓(5樓含以下無電梯),276
中山區,2913.0,1090301,見其他登記事項,辦公商業大樓,726
文山區,31.0,1090307,NA,公寓(5樓含以下無電梯),336
萬華區,4.69,1090201,二十四層,住宅大樓(11層含以上有電梯),262
內湖區,35.18,1090308,四層,華廈(10層含以下有電梯),251
中山區,29.5,1090311,一層,公寓(5樓含以下無電梯),482
松山區,452.0,1090310,一層,華廈(10層含以下有電梯),534
北投區,32.58,1090310,二層,華廈(10層含以下有電梯),418
內湖區,43.88,1090313,二層,公寓(5樓含以下無電梯),315
大安區,40.5,1090210,一層,店面(店鋪),935
信義區,106.0,1090217,二層,公寓(5樓含以下無電梯),141
信義區,0.16,1090122,一層,店面(店鋪),1059
中山區,3.13,1090301,五層,住宅大樓(11層含以上有電梯),510
士林區,229.0,1090301,全,透天厝,902
士林區,36.0,1090225,一層,公寓(5樓含以下無電梯),264
中山區,1047.0,1090114,十一層,住宅大樓(11層含以上有電梯),617
內湖區,24.74,1090316,五層,公寓(5樓含以下無電梯),241
大安區,23.25,1090217,一層,店面(店鋪),1149
大安區,4.44,1090323,三層,套房(1房1廳1衛),558
內湖區,45.79,1090214,二層,公寓(5樓含以下無電梯),194
士林區,1363.63,1090225,全,透天厝,396
松山區,16.81,1090313,七層,住宅大樓(11層含以上有電梯),276
萬華區,5.37,1090213,二層,公寓(5樓含以下無電梯),209
信義區,77.48,1090309,六層,住宅大樓(11層含以上有電梯),536
大安區,6.9,1090228,十一層,住宅大樓(11層含以上有電梯),507
松山區,4.59,1090320,四層,住宅大樓(11層含以上有電梯),524
松山區,5.3,1090318,四層,住宅大樓(11層含以上有電梯),289
大安區,13.42,1090220,十層,住宅大樓(11層含以上有電梯),421
南港區,16.77,1090301,一層,店面(店鋪),727
大安區,37.36,1090301,一層,店面(店鋪),546
中山區,11.98,1090323,一層,店面(店鋪),372
松山區,112.98,1090204,二層,住宅大樓(11層含以上有電梯),370
內湖區,7.89,1090401,一層,公寓(5樓含以下無電梯),269
士林區,40.14,1090401,三層,華廈(10層含以下有電梯),255
松山區,48.36,1090327,六層,住宅大樓(11層含以上有電梯),232
信義區,55.74,1090318,十九層,住宅大樓(11層含以上有電梯),573
中正區,10.42,1090226,六層,辦公商業大樓,296
中正區,6.73,1090227,九層,住宅大樓(11層含以上有電梯),340
中山區,14.02,1090406,NA,其他,NA
中山區,4.85,1090407,十三層,住宅大樓(11層含以上有電梯),386
萬華區,31.18,1090406,四層,公寓(5樓含以下無電梯),257
信義區,15.52,1090312,五層,住宅大樓(11層含以上有電梯),458
信義區,12.87,1090302,一層,公寓(5樓含以下無電梯),386
信義區,27.45,1090302,一層,公寓(5樓含以下無電梯),322
信義區,59.32,1090310,六層,華廈(10層含以下有電梯),309
松山區,20.2,1090325,一層,店面(店鋪),332
松山區,2.31,1090326,十九層,住宅大樓(11層含以上有電梯),577
大安區,2.99,1090411,一層,店面(店鋪),1984
大安區,52.21,1090310,一層,華廈(10層含以下有電梯),813
士林區,196.0,1090408,見其他登記事項,店面(店鋪),264
大安區,23.92,1090305,一層,華廈(10層含以下有電梯),424
中山區,6.0,1090410,五層,辦公商業大樓,356
內湖區,37.55,1090302,一層,公寓(5樓含以下無電梯),485
中正區,24.16,1090403,見其他登記事項,華廈(10層含以下有電梯),479
南港區,51.4,1090401,六層,華廈(10層含以下有電梯),286
松山區,44.5,1090331,一層,公寓(5樓含以下無電梯),644
中山區,54.52,1090407,四層,辦公商業大樓,395
中山區,88.98,1090416,六層,辦公商業大樓,519
大安區,24.9,1090420,二層,華廈(10層含以下有電梯),350
大安區,4.36,1090225,地下一層,店面(店鋪),162
中山區,417.0,1090310,見其他登記事項,華廈(10層含以下有電梯),374
中山區,4.59,1090418,三層,住宅大樓(11層含以上有電梯),495
信義區,64.06,1090315,十層,住宅大樓(11層含以上有電梯),470
南港區,25.5,1090415,一層,公寓(5樓含以下無電梯),316
信義區,5.82,1090325,十四層,住宅大樓(11層含以上有電梯),332
士林區,146.76,1090401,五層,住宅大樓(11層含以上有電梯),513
信義區,27.36,1090420,五層,公寓(5樓含以下無電梯),273
內湖區,1535.47,1090406,NA,其他,394
中正區,68856.8,1090409,一層,店面(店鋪),637
大安區,154.0,1090401,NA,店面(店鋪),405
大安區,25.24,1090408,二層,公寓(5樓含以下無電梯),562
內湖區,29.02,1090415,一層,公寓(5樓含以下無電梯),250
士林區,31.54,1090410,六層,華廈(10層含以下有電梯),381
北投區,24.36,1090422,三層,公寓(5樓含以下無電梯),247
中山區,20.25,1090310,一層,公寓(5樓含以下無電梯),549
內湖區,3.86,1090427,七層,辦公商業大樓,402
士林區,25.89,1090501,NA,店面(店鋪),275
中山區,42.65,1090211,十層,套房(1房1廳1衛),410
大安區,48.6,1090325,一層,店面(店鋪),544
內湖區,32.76,1090413,NA,其他,NA
內湖區,26.82,1090429,NA,其他,NA
內湖區,26.82,1090425,NA,其他,NA
中山區,13.44,1090311,四層,住宅大樓(11層含以上有電梯),710
信義區,24.0,1090430,一層,店面(店鋪),920
中正區,9.04,1090505,一層,店面(店鋪),735
中山區,43.25,1090505,一層,公寓(5樓含以下無電梯),344
中山區,33.77,1090501,七層,華廈(10層含以下有電梯),444
The villages and towns urban district,land shifting total area square meter,transaction year month and day,shifting level,building state,the unit price (NTD / square meter)
內湖區,22.59,1100209,一層,公寓(5樓含以下無電梯),471
中山區,51.81,1100217,一層,華廈(10層含以下有電梯),482
中山區,381.0,1091229,四層,住宅大樓(11層含以上有電梯),465
信義區,80.0,1100122,NA,其他,150
萬華區,235.0,1100210,見其他登記事項,華廈(10層含以下有電梯),398
信義區,15.19,1100203,十九層,住宅大樓(11層含以上有電梯),710
中正區,3.9,1100221,七層,住宅大樓(11層含以上有電梯),559
文山區,39.82,1100222,七層,華廈(10層含以下有電梯),212
士林區,305.23,1100205,九層,住宅大樓(11層含以上有電梯),336
中山區,190.55,1100101,七層,住宅大樓(11層含以上有電梯),468
大安區,16.24,1100220,六層,住宅大樓(11層含以上有電梯),337
中山區,31.54,1100128,見其他登記事項,住宅大樓(11層含以上有電梯),740
信義區,108.39,1100208,見其他登記事項,辦公商業大樓,697
南港區,36.5,1100220,一層,公寓(5樓含以下無電梯),598
內湖區,129.15,1100224,一層,店面(店鋪),348
大安區,6.6,1100119,四層,住宅大樓(11層含以上有電梯),500
松山區,204.0,1100201,一層,公寓(5樓含以下無電梯),864
松山區,5.27,1100208,七層,住宅大樓(11層含以上有電梯),447
松山區,24.96,1100110,二層,華廈(10層含以下有電梯),318
士林區,66.0,1100125,全,透天厝,517
北投區,171.42,1100209,一層,店面(店鋪),413
文山區,60.09,1100125,四層,住宅大樓(11層含以上有電梯),366
中山區,48.28,1100122,七層,華廈(10層含以下有電梯),352
中山區,104.91,1100219,三層,公寓(5樓含以下無電梯),257
萬華區,17.0,1100208,見其他登記事項,辦公商業大樓,412
內湖區,145.99,1100302,一層,店面(店鋪),233
中山區,23.43,1100301,二層,華廈(10層含以下有電梯),270
信義區,73.36,1100202,一層,住宅大樓(11層含以上有電梯),577
內湖區,102.35,1100305,一層,公寓(5樓含以下無電梯),537
北投區,3.89,1100202,十一層,住宅大樓(11層含以上有電梯),328
內湖區,39.89,1100308,一層,店面(店鋪),382
北投區,7.73,1100308,六層,住宅大樓(11層含以上有電梯),377
中山區,29.5,1100311,三層,公寓(5樓含以下無電梯),299
信義區,8.53,1100313,十三層,住宅大樓(11層含以上有電梯),526
中正區,37.0,1100203,見其他登記事項,店面(店鋪),1547
大同區,177.0,1100227,見其他登記事項,公寓(5樓含以下無電梯),311
北投區,32.04,1100129,見其他登記事項,華廈(10層含以下有電梯),270
北投區,39.5,1100122,一層,公寓(5樓含以下無電梯),357
北投區,59.7,1100301,七層,華廈(10層含以下有電梯),273
大安區,27.24,1100301,五層,住宅大樓(11層含以上有電梯),637
士林區,75.01,1100317,全,透天厝,320
松山區,74.25,1100308,一層,公寓(5樓含以下無電梯),660
中山區,4.25,1100301,四層,公寓(5樓含以下無電梯),830
內湖區,158.9,1100318,全,透天厝,227
中山區,19.1,1100318,五層,辦公商業大樓,426
中山區,11.33,1100316,一層,店面(店鋪),495
中山區,5.93,1100208,七層,華廈(10層含以下有電梯),398
大安區,77.2,1100322,一層,店面(店鋪),1378
中正區,6.93,1100228,十層,住宅大樓(11層含以上有電梯),324
中山區,75.4,1100301,八層,辦公商業大樓,332
士林區,25.97,1100221,二層,華廈(10層含以下有電梯),266
北投區,27.99,1100323,一層,華廈(10層含以下有電梯),486
士林區,19.2,1100325,一層,公寓(5樓含以下無電梯),480
士林區,146.0,1091126,全,透天厝,417
士林區,168.0,1000226,四層,住宅大樓(11層含以上有電梯),495
士林區,0.04,1100228,NA,其他,NA
松山區,37.5,1100325,一層,公寓(5樓含以下無電梯),563
信義區,77.45,1100309,六層,住宅大樓(11層含以上有電梯),534
南港區,30.08,1100326,四層,公寓(5樓含以下無電梯),339
士林區,16.85,1100217,一層,華廈(10層含以下有電梯),282
大安區,11.87,1100316,十一層,住宅大樓(11層含以上有電梯),373
北投區,47.29,1100222,三層,華廈(10層含以下有電梯),363
中山區,21.46,1100318,二層,辦公商業大樓,325
南港區,34.47,1100322,一層,公寓(5樓含以下無電梯),283
萬華區,99.0,1100308,二層,公寓(5樓含以下無電梯),329
內湖區,36.9,1100321,四層,公寓(5樓含以下無電梯),231
大安區,30.88,1100331,四層,華廈(10層含以下有電梯),374
內湖區,228.81,1100401,四層,辦公商業大樓,328
內湖區,35.16,1100330,四層,華廈(10層含以下有電梯),252
大安區,11.2,1100316,四層,住宅大樓(11層含以上有電梯),557
大安區,33.63,1100222,一層,店面(店鋪),1046
中正區,205.74,1100329,二層,華廈(10層含以下有電梯),315
內湖區,23.19,1100406,一層,公寓(5樓含以下無電梯),393
北投區,1363.67,1100228,見其他登記事項,店面(店鋪),311
松山區,20.4,1100322,六層,華廈(10層含以下有電梯),409
中正區,38.76,1100406,二層,辦公商業大樓,355
中山區,328.48,1100408,六層,辦公商業大樓,467
大安區,7.45,1100304,見其他登記事項,店面(店鋪),1072
松山區,26.4,1100326,一層,公寓(5樓含以下無電梯),389
中山區,118.34,1100331,三層,辦公商業大樓,856
中山區,40.0,1100401,一層,公寓(5樓含以下無電梯),601
信義區,32.75,1100328,一層,店面(店鋪),613
信義區,18.17,1100331,一層,店面(店鋪),407
松山區,45.0,1100325,一層,公寓(5樓含以下無電梯),657
北投區,5.39,1100223,二層,華廈(10層含以下有電梯),281
文山區,21.5,1100412,四層,公寓(5樓含以下無電梯),283
中正區,376.0,1100405,三層,華廈(10層含以下有電梯),524
內湖區,87.77,1100409,二層,公寓(5樓含以下無電梯),284
內湖區,25.28,1100416,一層,公寓(5樓含以下無電梯),351
南港區,67.38,1100325,三層,公寓(5樓含以下無電梯),158
大安區,13.05,1100416,五層,華廈(10層含以下有電梯),423
內湖區,34.1,1100420,一層,華廈(10層含以下有電梯),523
大同區,7.2,1100413,一層,套房(1房1廳1衛),487
信義區,42.87,1100416,一層,公寓(5樓含以下無電梯),526
內湖區,394.41,1100414,一層,店面(店鋪),355
內湖區,218016.0,1100422,三層,辦公商業大樓,296
松山區,67.5,1100421,一層,公寓(5樓含以下無電梯),586
松山區,57.96,1100421,六層,住宅大樓(11層含以上有電梯),277
信義區,10.5,1100407,六層,辦公商業大樓,435
北投區,56.06,1100312,五層,辦公商業大樓,374
士林區,416.0,1100317,見其他登記事項,店面(店鋪),425
大安區,15.67,1100419,八層,住宅大樓(11層含以上有電梯),440
信義區,137.46,1100415,十六層,住宅大樓(11層含以上有電梯),530
內湖區,29.52,1100426,七層,華廈(10層含以下有電梯),177
松山區,25.86,1100322,二層,華廈(10層含以下有電梯),250
松山區,33.2,1100402,見其他登記事項,店面(店鋪),407
松山區,45.47,1100412,一層,公寓(5樓含以下無電梯),445
松山區,107.5,1100412,一層,公寓(5樓含以下無電梯),559
文山區,61.17,1100428,一層,公寓(5樓含以下無電梯),389
北投區,57.0,1100412,一層,店面(店鋪),1059
北投區,35.0,1100402,一層,店面(店鋪),371
中山區,7.79,1100411,五層,華廈(10層含以下有電梯),306
南港區,71.75,1100501,三層,辦公商業大樓,239
北投區,91.0,1100420,一層,公寓(5樓含以下無電梯),406
大安區,26.15,1100504,四層,華廈(10層含以下有電梯),372
北投區,16.14,1100416,一層,店面(店鋪),357
中正區,24.8,1100323,見其他登記事項,公寓(5樓含以下無電梯),558
松山區,3.69,1100417,十二層,住宅大樓(11層含以上有電梯),751
大安區,5.61,1100401,八層,套房(1房1廳1衛),449
松山區,40.75,1100414,二層,公寓(5樓含以下無電梯),279
中山區,26.84,1100504,六層,華廈(10層含以下有電梯),328
中山區,19.2,1100324,七層,辦公商業大樓,545
北投區,282.0,1100501,全,透天厝,717
大安區,9.98,1100406,九層,住宅大樓(11層含以上有電梯),439
The villages and towns urban district,land shifting total area square meter,transaction year month and day,shifting level,building state,the unit price (NTD / square meter)
中山區,9.45,1110211,二層,辦公商業大樓,338
信義區,16.12,1110124,二層,公寓(5樓含以下無電梯),276
松山區,7.2,1110128,四層,公寓(5樓含以下無電梯),512
萬華區,4.16,1110211,八層,套房(1房1廳1衛),364
內湖區,38.68,1110214,一層,公寓(5樓含以下無電梯),421
大同區,6.35,1101225,六層,華廈(10層含以下有電梯),326
松山區,21.81,1110214,七層,華廈(10層含以下有電梯),499
信義區,11.25,1110115,十層,住宅大樓(11層含以上有電梯),449
松山區,6.73,1110215,十一層,住宅大樓(11層含以上有電梯),491
大安區,13.93,1110103,見其他登記事項,店面(店鋪),385
大安區,44.87,1110115,一層,華廈(10層含以下有電梯),402
信義區,25.13,1110217,一層,公寓(5樓含以下無電梯),248
士林區,92.0,1110220,三層,公寓(5樓含以下無電梯),125
中正區,61.0,1110219,全,透天厝,436
內湖區,4.35,1110219,一層,店面(店鋪),628
中山區,29.57,1110221,一層,公寓(5樓含以下無電梯),536
士林區,33.02,1110217,一層,公寓(5樓含以下無電梯),319
松山區,48.36,1110117,十二層,住宅大樓(11層含以上有電梯),232
松山區,62.04,1110113,六層,辦公商業大樓,385
松山區,26.23,1110216,三層,華廈(10層含以下有電梯),285
松山區,36.0,1110128,四層,公寓(5樓含以下無電梯),363
松山區,10.83,1110217,三層,住宅大樓(11層含以上有電梯),475
中山區,12.96,1110125,十層,住宅大樓(11層含以上有電梯),380
松山區,23.39,1110117,一層,華廈(10層含以下有電梯),423
南港區,28.25,1110216,一層,店面(店鋪),483
南港區,210.35,1110224,二層,廠辦,141
南港區,12.82,1110222,十三層,住宅大樓(11層含以上有電梯),429
中山區,34.27,1110201,一層,華廈(10層含以下有電梯),255
中山區,30.91,1110209,二層,華廈(10層含以下有電梯),421
文山區,41.63,1110217,四層,公寓(5樓含以下無電梯),255
士林區,77.19,1110301,二層,華廈(10層含以下有電梯),258
士林區,72.27,1110209,二層,公寓(5樓含以下無電梯),138
士林區,130.28,1110207,五層,公寓(5樓含以下無電梯),230
信義區,34.36,1110125,三層,住宅大樓(11層含以上有電梯),303
大同區,35.43,1110225,七層,辦公商業大樓,384
內湖區,426.01,1110208,二層,辦公商業大樓,406
中山區,26.49,1110301,二層,公寓(5樓含以下無電梯),366
萬華區,20.0,1110302,見其他登記事項,公寓(5樓含以下無電梯),287
萬華區,1571.0,1110218,七層,辦公商業大樓,291
士林區,53.0,1110215,全,透天厝,809
大安區,28.56,1110126,二層,華廈(10層含以下有電梯),330
中山區,39.67,1110303,一層,住宅大樓(11層含以上有電梯),602
中山區,109.7,1100215,四層,華廈(10層含以下有電梯),451
中山區,219.72,1110301,地下一層,華廈(10層含以下有電梯),184
內湖區,3184.0,1110302,一層,公寓(5樓含以下無電梯),307
信義區,15.29,1110301,一層,店面(店鋪),626
內湖區,80.28,1110228,一層,公寓(5樓含以下無電梯),389
大安區,734.0,1110309,一層,公寓(5樓含以下無電梯),603
大安區,78.86,1110221,二層,辦公商業大樓,392
大同區,34.0,1110221,四層,公寓(5樓含以下無電梯),426
松山區,7.1,1110221,七層,辦公商業大樓,421
松山區,7.31,1110228,四層,公寓(5樓含以下無電梯),504
中山區,24.07,1110310,十二層,辦公商業大樓,404
內湖區,935.37,1110310,NA,其他,214
中山區,991.73,1110219,三層,華廈(10層含以下有電梯),275
內湖區,53.41,1110301,一層,公寓(5樓含以下無電梯),960
信義區,106.0,1110208,一層,店面(店鋪),2358
中山區,38.75,1110221,四層,公寓(5樓含以下無電梯),301
中正區,189.0,1110310,二層,華廈(10層含以下有電梯),388
松山區,24.16,1110308,九層,住宅大樓(11層含以上有電梯),229
南港區,34.46,1110316,一層,店面(店鋪),343
中山區,6.0,1110315,十層,套房(1房1廳1衛),392
中山區,27.75,1110308,一層,店面(店鋪),668
士林區,10.85,1110309,一層,公寓(5樓含以下無電梯),283
中山區,31.96,1110311,見其他登記事項,辦公商業大樓,472
內湖區,26.89,1110304,一層,公寓(5樓含以下無電梯),505
信義區,29.0,1110308,二層,公寓(5樓含以下無電梯),366
信義區,12.87,1110310,一層,公寓(5樓含以下無電梯),399
信義區,16.54,1110316,五層,華廈(10層含以下有電梯),293
士林區,28.0,1110316,見其他登記事項,華廈(10層含以下有電梯),465
大安區,8.42,1110210,九層,辦公商業大樓,416
中山區,122.49,1110311,五層,華廈(10層含以下有電梯),305
信義區,1.11,1110317,NA,其他,NA
中山區,29.5,1110323,一層,公寓(5樓含以下無電梯),464
大同區,4.73,1110321,七層,住宅大樓(11層含以上有電梯),584
大同區,12.7,1101228,七層,住宅大樓(11層含以上有電梯),600
中山區,41.4,1110323,一層,公寓(5樓含以下無電梯),349
文山區,318.59,1110308,十層,住宅大樓(11層含以上有電梯),247
文山區,318.59,1110323,十二層,住宅大樓(11層含以上有電梯),255
南港區,179.0,1110305,一層,店面(店鋪),474
信義區,13.82,1110225,一層,華廈(10層含以下有電梯),420
中山區,53.25,1110314,一層,公寓(5樓含以下無電梯),570
信義區,37.05,1110304,一層,華廈(10層含以下有電梯),273
內湖區,30.49,1110216,二十三層,住宅大樓(11層含以上有電梯),416
信義區,31.37,1110303,一層,公寓(5樓含以下無電梯),442
松山區,79.0,1110326,二層,公寓(5樓含以下無電梯),242
松山區,37.5,1110331,一層,店面(店鋪),574
內湖區,29.82,1110401,一層,公寓(5樓含以下無電梯),333
內湖區,30.58,1110401,六層,辦公商業大樓,284
中山區,26.0,1110401,一層,公寓(5樓含以下無電梯),645
中山區,59.24,1110324,五層,華廈(10層含以下有電梯),316
松山區,49.89,1110406,六層,住宅大樓(11層含以上有電梯),255
松山區,20.77,1110301,一層,華廈(10層含以下有電梯),414
中正區,274.69,1110224,五層,辦公商業大樓,292
南港區,128.27,1110322,見其他登記事項,其他,252
信義區,30.8,1110307,五層,公寓(5樓含以下無電梯),260
信義區,21.47,1110325,三層,住宅大樓(11層含以上有電梯),371
信義區,31.5,1110402,一層,公寓(5樓含以下無電梯),236
大安區,6.14,1110330,一層,住宅大樓(11層含以上有電梯),872
松山區,45.87,1110407,七層,住宅大樓(11層含以上有電梯),358
松山區,46.46,1110401,三層,住宅大樓(11層含以上有電梯),282
信義區,7.43,1110406,一層,住宅大樓(11層含以上有電梯),409
松山區,29.42,1110324,二層,華廈(10層含以下有電梯),261
信義區,15.6,1110302,二十二層,辦公商業大樓,441
中山區,21.98,1110223,見其他登記事項,店面(店鋪),768
南港區,35.76,1110410,七層,華廈(10層含以下有電梯),471
內湖區,23.25,1110412,一層,公寓(5樓含以下無電梯),328
南港區,959.2,1110411,九層,華廈(10層含以下有電梯),429
中正區,1772.0,1110410,十層,其他,675
中山區,10.96,1110411,十層,辦公商業大樓,441
士林區,57.75,1110323,四層,公寓(5樓含以下無電梯),250
松山區,18.1,1110311,四層,華廈(10層含以下有電梯),338
信義區,4258.0,1110417,十七層,住宅大樓(11層含以上有電梯),411
信義區,0.36,1110415,NA,其他,NA
中山區,5773.0,1110331,十層,辦公商業大樓,665
大安區,14.43,1110419,見其他登記事項,店面(店鋪),679
大同區,15.35,1110420,十五層,住宅大樓(11層含以上有電梯),318
南港區,12.95,1110419,七層,套房(1房1廳1衛),213
信義區,24.16,1110414,一層,店面(店鋪),367
大同區,12.91,1110301,五層,住宅大樓(11層含以上有電梯),352
中山區,67.31,1110328,十三層,辦公商業大樓,525
中山區,16.4,1110411,一層,店面(店鋪),583
中山區,14.31,1110412,十層,辦公商業大樓,510
信義區,19.84,1110412,七層,華廈(10層含以下有電梯),414
信義區,15.6,1110329,見其他登記事項,華廈(10層含以下有電梯),197
信義區,26.24,1110425,九層,住宅大樓(11層含以上有電梯),348
內湖區,53.1,1110412,四層,廠辦,109
信義區,101.99,1110329,一層,店面(店鋪),2402
大同區,47.0,1110420,四層,公寓(5樓含以下無電梯),290
中正區,449.0,1110321,地下一層,辦公商業大樓,398
中正區,449.0,1110321,地下一層,辦公商業大樓,395
中正區,4.26,1110426,見其他登記事項,住宅大樓(11層含以上有電梯),559
大安區,9.49,1110316,十二層,辦公商業大樓,382
大安區,154.0,1110501,四層,公寓(5樓含以下無電梯),303
大安區,0.97,1110428,NA,其他,NA
內湖區,31.11,1110409,五層,住宅大樓(11層含以上有電梯),301
士林區,46.99,1110428,一層,公寓(5樓含以下無電梯),409
信義區,964.2,1110429,九層,辦公商業大樓,1143
大同區,100.07,1110506,十六層,住宅大樓(11層含以上有電梯),299
松山區,30.0,1110425,一層,公寓(5樓含以下無電梯),305
北投區,1891.61,1110421,五層,住宅大樓(11層含以上有電梯),163
The villages and towns urban district,land shifting total area square meter,transaction year month and day,shifting level,building state,the unit price (NTD / square meter)
北投區,86.66,1120202,一層,店面(店鋪),333
南港區,47.79,1120131,七層,廠辦,280
松山區,27.33,1120206,六層,華廈(10層含以下有電梯),373
大同區,11.53,1120208,六層,住宅大樓(11層含以上有電梯),262
大安區,6.56,1120214,八層,住宅大樓(11層含以上有電梯),380
內湖區,26.92,1120118,一層,公寓(5樓含以下無電梯),547
中正區,32.26,1120215,四層,辦公商業大樓,275
松山區,1.94,1120109,十九層,住宅大樓(11層含以上有電梯),542
中山區,82.6,1120214,三層,公寓(5樓含以下無電梯),375
大同區,104.79,1120215,十四層,住宅大樓(11層含以上有電梯),401
松山區,27.49,1120210,一層,店面(店鋪),429
北投區,2556.44,1120218,一層,店面(店鋪),588
北投區,404.0,1120220,三層,華廈(10層含以下有電梯),302
信義區,20.8,1120112,五層,華廈(10層含以下有電梯),314
信義區,5.78,1120101,一層,店面(店鋪),1009
松山區,9.45,1120220,六層,住宅大樓(11層含以上有電梯),494
北投區,20.68,1120220,四層,公寓(5樓含以下無電梯),271
士林區,39.0,1120220,五層,公寓(5樓含以下無電梯),164
中山區,27.93,1110831,一層,華廈(10層含以下有電梯),537
內湖區,8.79,1120206,六層,華廈(10層含以下有電梯),374
中正區,5.36,1120221,五層,公寓(5樓含以下無電梯),360
中山區,12.77,1110705,一層,華廈(10層含以下有電梯),428
大安區,35.79,1120215,四層,公寓(5樓含以下無電梯),285
中山區,4.96,1120224,五層,住宅大樓(11層含以上有電梯),526
松山區,12.69,1120202,一層,華廈(10層含以下有電梯),685
信義區,36.11,1120216,一層,華廈(10層含以下有電梯),310
松山區,46.5,1120222,一層,公寓(5樓含以下無電梯),615
信義區,12.21,1120202,一層,店面(店鋪),299
中山區,20.5,1120223,二層,公寓(5樓含以下無電梯),459
內湖區,10.4,1120228,一層,住宅大樓(11層含以上有電梯),292
士林區,29.75,1120222,三層,公寓(5樓含以下無電梯),312
大安區,24.16,1120113,七層,辦公商業大樓,679
大安區,9.31,1120119,十二層,住宅大樓(11層含以上有電梯),510
中正區,21.13,1120301,三層,華廈(10層含以下有電梯),335
松山區,7.73,1120222,一層,店面(店鋪),800
內湖區,54.0,1120211,三層,公寓(5樓含以下無電梯),167
中正區,21.87,1120303,一層,店面(店鋪),749
中山區,5.38,1120304,二層,住宅大樓(11層含以上有電梯),500
中山區,40.0,1120218,一層,公寓(5樓含以下無電梯),576
中山區,22.12,1111115,四層,住宅大樓(11層含以上有電梯),298
中山區,4.68,1120206,五層,華廈(10層含以下有電梯),360
信義區,33.25,1120302,一層,店面(店鋪),585
內湖區,576.0,1120224,NA,其他,134
中山區,25.73,1120222,一層,店面(店鋪),683
松山區,8.93,1120302,一層,公寓(5樓含以下無電梯),715
松山區,7.82,1120302,一層,公寓(5樓含以下無電梯),731
北投區,377.2,1120313,一層,公寓(5樓含以下無電梯),325
中山區,46.25,1120311,三層,公寓(5樓含以下無電梯),238
松山區,47.5,1120214,二層,公寓(5樓含以下無電梯),245
信義區,8.28,1120301,八層,套房(1房1廳1衛),615
內湖區,39.1,1120314,二層,公寓(5樓含以下無電梯),352
大安區,9.26,1120301,三層,辦公商業大樓,374
松山區,20.99,1120310,一層,華廈(10層含以下有電梯),471
松山區,4.18,1120314,九層,住宅大樓(11層含以上有電梯),572
松山區,13.85,1120202,二層,住宅大樓(11層含以上有電梯),397
南港區,343.76,1120306,見其他登記事項,工廠,NA
內湖區,7.26,1100523,八層,住宅大樓(11層含以上有電梯),324
北投區,23.0,1120112,一層,公寓(5樓含以下無電梯),357
松山區,47.25,1120315,一層,公寓(5樓含以下無電梯),355
中山區,20.25,1120109,一層,公寓(5樓含以下無電梯),763
士林區,27.89,1120318,一層,辦公商業大樓,464
大同區,23.09,1120213,四層,公寓(5樓含以下無電梯),309
中正區,17.15,1120224,七層,華廈(10層含以下有電梯),385
大安區,18.2,1120212,三層,公寓(5樓含以下無電梯),395
士林區,45.91,1120308,一層,店面(店鋪),559
中山區,6.0,1120303,十層,套房(1房1廳1衛),417
中山區,27.57,1120201,一層,華廈(10層含以下有電梯),381
大同區,25.9,1120321,五層,華廈(10層含以下有電梯),280
松山區,25.7,1120314,一層,華廈(10層含以下有電梯),533
信義區,13.55,1120208,二層,住宅大樓(11層含以上有電梯),389
信義區,14.04,1120214,一層,住宅大樓(11層含以上有電梯),448
中山區,40.49,1120317,十五層,住宅大樓(11層含以上有電梯),503
松山區,14.8,1120210,七層,辦公商業大樓,377
信義區,83.0,1120323,全,透天厝,1216
中山區,20.13,1120325,一層,店面(店鋪),404
文山區,73.66,1120324,全,透天厝,314
文山區,126.0,1120326,全,透天厝,360
中山區,15.22,1120301,八層,辦公商業大樓,589
大安區,14.01,1120215,一層,住宅大樓(11層含以上有電梯),541
大安區,33.75,1120222,二層,公寓(5樓含以下無電梯),325
內湖區,1001.93,1120321,見其他登記事項,廠辦,622
內湖區,13.96,1120322,九層,住宅大樓(11層含以上有電梯),389
萬華區,11.75,1120327,三層,公寓(5樓含以下無電梯),385
信義區,25.7,1120316,一層,店面(店鋪),466
萬華區,2.55,1120222,一層,店面(店鋪),3115
中山區,37.79,1120326,三層,華廈(10層含以下有電梯),190
士林區,21.59,1120321,見其他登記事項,公寓(5樓含以下無電梯),202
大安區,52.97,1120221,九層,辦公商業大樓,562
松山區,48.5,1120319,四層,公寓(5樓含以下無電梯),332
中山區,10.39,1120306,十二層,住宅大樓(11層含以上有電梯),628
松山區,26.41,1120328,二層,公寓(5樓含以下無電梯),341
中正區,30.25,1120313,一層,公寓(5樓含以下無電梯),582
大同區,177.0,1120407,全,透天厝,537
北投區,63.74,1120401,一層,公寓(5樓含以下無電梯),448
文山區,25.0,1120410,一層,店面(店鋪),505
大同區,757.0,1120326,三層,公寓(5樓含以下無電梯),190
松山區,21.12,1120407,一層,店面(店鋪),732
信義區,33.19,1120410,一層,公寓(5樓含以下無電梯),319
大同區,757.0,1120313,五層,公寓(5樓含以下無電梯),214
大同區,757.0,1120322,五層,公寓(5樓含以下無電梯),195
大安區,43.17,1120306,五層,住宅大樓(11層含以上有電梯),324
北投區,30.75,1120228,一層,住宅大樓(11層含以上有電梯),321
內湖區,28.11,1120331,二層,公寓(5樓含以下無電梯),313
北投區,24.37,1120228,十三層,住宅大樓(11層含以上有電梯),347
北投區,30.38,1120307,三層,公寓(5樓含以下無電梯),240
北投區,2556.44,1120303,十九層,住宅大樓(11層含以上有電梯),257
大同區,757.0,1120323,四層,公寓(5樓含以下無電梯),185
信義區,10.36,1120413,五層,辦公商業大樓,498
信義區,16.95,1120322,七層,辦公商業大樓,412
萬華區,27.09,1120114,十一層,住宅大樓(11層含以上有電梯),251
士林區,219.46,1120317,一層,華廈(10層含以下有電梯),556
士林區,46.29,1120325,三層,住宅大樓(11層含以上有電梯),434
文山區,22.9,1120330,一層,店面(店鋪),362
松山區,33.0,1120414,三層,公寓(5樓含以下無電梯),310
士林區,43.0,1120413,全,透天厝,540
大同區,757.0,1120326,三層,公寓(5樓含以下無電梯),190
大同區,757.0,1120329,三層,公寓(5樓含以下無電梯),205
內湖區,42.86,1120417,四層,住宅大樓(11層含以上有電梯),282
中山區,2.0,1120413,十一層,住宅大樓(11層含以上有電梯),452
內湖區,19.55,1120304,八層,住宅大樓(11層含以上有電梯),389
內湖區,30.07,1120307,一層,公寓(5樓含以下無電梯),298
內湖區,30.25,1120301,一層,公寓(5樓含以下無電梯),484
內湖區,12.57,1120419,二層,公寓(5樓含以下無電梯),306
中山區,4.68,1120410,五層,華廈(10層含以下有電梯),348
南港區,18.26,1120330,六層,辦公商業大樓,328
士林區,99.25,1120420,一層,公寓(5樓含以下無電梯),694
中山區,104.5,1020410,七層,華廈(10層含以下有電梯),317
大同區,130.0,1120409,六層,華廈(10層含以下有電梯),510
信義區,18.65,1120328,十三層,辦公商業大樓,434
松山區,28.88,1120414,四層,華廈(10層含以下有電梯),305
信義區,4.14,1110929,三層,公寓(5樓含以下無電梯),469
大同區,28.85,1120315,八層,住宅大樓(11層含以上有電梯),250
松山區,6.34,1120331,三層,住宅大樓(11層含以上有電梯),561
中山區,4.19,1120303,八層,辦公商業大樓,619
內湖區,14.14,1120318,二層,其他,458
中山區,20.0,1120405,五層,辦公商業大樓,332
信義區,73.11,1120421,六層,住宅大樓(11層含以上有電梯),482
松山區,6.45,1120429,六層,住宅大樓(11層含以上有電梯),480
中正區,7.7,1120412,八層,華廈(10層含以下有電梯),407
內湖區,39.1,1120323,二層,公寓(5樓含以下無電梯),214
內湖區,13.96,1120420,十層,住宅大樓(11層含以上有電梯),419
中山區,4.68,1120203,五層,華廈(10層含以下有電梯),336
內湖區,248.6,1120501,一層,工廠,NA
士林區,29.8,1120502,六層,華廈(10層含以下有電梯),312
松山區,4.25,1120418,十六層,住宅大樓(11層含以上有電梯),483
松山區,97.0,1120429,一層,公寓(5樓含以下無電梯),596
松山區,26.71,1120510,三層,華廈(10層含以下有電梯),398
The villages and towns urban district,land shifting total area square meter,transaction year month and day,shifting level,building state,the unit price (NTD / square meter)
萬華區,28.0,1130107,全,透天厝,650
萬華區,15.97,1130203,七層,住宅大樓(11層含以上有電梯),409
內湖區,20.86,1130201,一層,店面(店鋪),533
信義區,11.98,1130205,一層,店面(店鋪),444
北投區,21.73,1130216,一層,公寓(5樓含以下無電梯),242
內湖區,31.27,1130206,四層,公寓(5樓含以下無電梯),347
南港區,47.4,1130205,五層,其他,231
松山區,28.2,1130130,五層,公寓(5樓含以下無電梯),378
內湖區,1089.34,1130129,NA,其他,229
內湖區,87.73,1130220,五層,華廈(10層含以下有電梯),336
萬華區,23.75,1130118,四層,公寓(5樓含以下無電梯),363
萬華區,23.75,1130220,四層,公寓(5樓含以下無電梯),363
內湖區,27.43,1130221,四層,華廈(10層含以下有電梯),313
大安區,30.71,1130110,一層,店面(店鋪),510
大安區,56.5,1130205,一層,公寓(5樓含以下無電梯),615
萬華區,28.0,1130113,全,透天厝,650
萬華區,87.0,1130218,全,透天厝,250
內湖區,39.48,1130207,二層,公寓(5樓含以下無電梯),257
中山區,30.71,1130218,一層,店面(店鋪),801
內湖區,20.21,1130217,二層,住宅大樓(11層含以上有電梯),240
北投區,8.2,1130217,九層,辦公商業大樓,425
萬華區,4.68,1130217,六層,住宅大樓(11層含以上有電梯),523
大同區,33.71,1130205,五層,住宅大樓(11層含以上有電梯),182
中山區,63.11,1130205,六層,華廈(10層含以下有電梯),349
內湖區,12.93,1130201,九層,住宅大樓(11層含以上有電梯),455
內湖區,27.7,1130224,五層,公寓(5樓含以下無電梯),403
內湖區,21.07,1130222,十層,住宅大樓(11層含以上有電梯),419
內湖區,8.0,1130217,三層,公寓(5樓含以下無電梯),482
內湖區,46.62,1121221,九層,辦公商業大樓,454
內湖區,45.61,1121221,九層,辦公商業大樓,454
中山區,9.36,1130205,二層,辦公商業大樓,480
北投區,7.75,1130225,五層,華廈(10層含以下有電梯),400
中正區,9.86,1130222,三層,辦公商業大樓,338
信義區,15.71,1130223,二層,華廈(10層含以下有電梯),426
士林區,48.58,1130220,一層,華廈(10層含以下有電梯),332
中山區,33.0,1130229,見其他登記事項,公寓(5樓含以下無電梯),375
中山區,49.0,1130202,見其他登記事項,公寓(5樓含以下無電梯),490
中正區,32.26,1130229,四層,辦公商業大樓,292
萬華區,13.0,1130229,一層,公寓(5樓含以下無電梯),469
萬華區,10.61,1130304,一層,華廈(10層含以下有電梯),593
南港區,134.0,1130301,NA,其他,381
大安區,18.42,1130302,七層,華廈(10層含以下有電梯),375
中山區,46.16,1130220,一層,店面(店鋪),351
中山區,22.0,1130221,四層,公寓(5樓含以下無電梯),403
松山區,23.88,1130304,三層,公寓(5樓含以下無電梯),326
松山區,23.88,1130304,二層,公寓(5樓含以下無電梯),326
大安區,18.0,1130218,三層,公寓(5樓含以下無電梯),425
大安區,10.72,1130304,七層,住宅大樓(11層含以上有電梯),433
內湖區,20.19,1130219,一層,辦公商業大樓,528
信義區,34.0,1130301,二層,公寓(5樓含以下無電梯),292
信義區,14.35,1130301,見其他登記事項,店面(店鋪),335
信義區,19.52,1130201,八層,住宅大樓(11層含以上有電梯),413
內湖區,39.66,1130225,五層,公寓(5樓含以下無電梯),205
大安區,35.2,1130217,一層,公寓(5樓含以下無電梯),511
文山區,11.17,1130223,十層,住宅大樓(11層含以上有電梯),343
北投區,4.99,1130228,五層,住宅大樓(11層含以上有電梯),324
中正區,6.49,1130217,十層,住宅大樓(11層含以上有電梯),446
北投區,24.76,1130220,一層,公寓(5樓含以下無電梯),309
南港區,16.88,1130306,四層,住宅大樓(11層含以上有電梯),309
松山區,33.75,1130215,四層,公寓(5樓含以下無電梯),406
松山區,6.36,1130308,一層,店面(店鋪),1035
南港區,13.35,1130308,六層,住宅大樓(11層含以上有電梯),601
北投區,30.55,1130301,四層,公寓(5樓含以下無電梯),235
北投區,32.75,1130303,一層,公寓(5樓含以下無電梯),387
士林區,6.35,1130310,一層,公寓(5樓含以下無電梯),2059
內湖區,42.18,1130313,一層,公寓(5樓含以下無電梯),341
萬華區,24.7,1130224,五層,公寓(5樓含以下無電梯),295
北投區,32.48,1130314,一層,店面(店鋪),406
萬華區,6.35,1130224,八層,住宅大樓(11層含以上有電梯),461
內湖區,13.16,1130228,九層,住宅大樓(11層含以上有電梯),312
大安區,53.5,1130224,四層,公寓(5樓含以下無電梯),328
中正區,23.55,1130312,二十一層,辦公商業大樓,537
大同區,111.0,1130314,全,透天厝,714
中正區,32.0,1130301,四層,公寓(5樓含以下無電梯),293
內湖區,19.55,1130226,二層,住宅大樓(11層含以上有電梯),332
北投區,133.16,1130318,七層,住宅大樓(11層含以上有電梯),283
士林區,25.4,1130315,二層,公寓(5樓含以下無電梯),369
文山區,12.31,1130227,十層,住宅大樓(11層含以上有電梯),202
文山區,26.29,1130227,十二層,住宅大樓(11層含以上有電梯),186
大同區,6.07,1130226,一層,店面(店鋪),550
大同區,5.05,1130226,地下層,店面(店鋪),184
中山區,32.46,1130228,五層,華廈(10層含以下有電梯),266
內湖區,20.44,1130227,見其他登記事項,店面(店鋪),449
南港區,10.37,1130302,三層,華廈(10層含以下有電梯),565
士林區,67.66,1130227,十層,住宅大樓(11層含以上有電梯),631
大安區,63.14,1130228,四層,華廈(10層含以下有電梯),408
南港區,37.69,1130226,五層,住宅大樓(11層含以上有電梯),217
信義區,31.56,1130321,九層,辦公商業大樓,554
士林區,26.25,1130305,一層,店面(店鋪),459
南港區,23.62,1130321,十層,住宅大樓(11層含以上有電梯),375
南港區,637.39,1130220,NA,其他,235
中山區,10.98,1130309,七層,辦公商業大樓,607
北投區,19.48,1130303,四層,華廈(10層含以下有電梯),318
萬華區,25.25,1130311,一層,店面(店鋪),391
中山區,7.97,1130311,十一層,辦公商業大樓,424
內湖區,11.32,1130310,四層,華廈(10層含以下有電梯),517
南港區,33.72,1130311,六層,住宅大樓(11層含以上有電梯),304
南港區,16.88,1130303,十四層,住宅大樓(11層含以上有電梯),318
士林區,16.13,1130308,四層,辦公商業大樓,339
中正區,17.49,1130323,六層,華廈(10層含以下有電梯),288
萬華區,143.0,1130322,二層,華廈(10層含以下有電梯),490
內湖區,10.84,1130308,六層,辦公商業大樓,321
中山區,6.55,1130325,六層,住宅大樓(11層含以上有電梯),528
大安區,45.26,1130308,四層,公寓(5樓含以下無電梯),370
信義區,6.2,1130318,一層,辦公商業大樓,505
士林區,31.43,1130312,五層,公寓(5樓含以下無電梯),307
內湖區,91.31,1130315,二十一層,住宅大樓(11層含以上有電梯),683
信義區,30.87,1130319,一層,店面(店鋪),865
信義區,11.25,1130321,二層,公寓(5樓含以下無電梯),245
北投區,66.57,1130315,見其他登記事項,公寓(5樓含以下無電梯),231
士林區,50.15,1130305,三層,華廈(10層含以下有電梯),522
士林區,100.85,1130305,全,透天厝,279
萬華區,143.0,1130329,二層,華廈(10層含以下有電梯),563
內湖區,28.11,1130314,五層,華廈(10層含以下有電梯),425
內湖區,13.24,1130327,八層,住宅大樓(11層含以上有電梯),307
大安區,17.95,1130328,十層,辦公商業大樓,385
信義區,31.7,1130325,一層,店面(店鋪),919
內湖區,193.0,1130322,全,透天厝,570
中山區,47.09,1130317,七層,華廈(10層含以下有電梯),277
信義區,32.28,1130304,一層,店面(店鋪),688
南港區,13.89,1130329,四層,住宅大樓(11層含以上有電梯),586
北投區,12.4,1130401,六層,華廈(10層含以下有電梯),373
北投區,32.22,1130401,一層,公寓(5樓含以下無電梯),290
大同區,19.06,1130319,見其他登記事項,店面(店鋪),456
中山區,5.88,1130329,十一層,住宅大樓(11層含以上有電梯),420
中正區,10.96,1130320,十層,華廈(10層含以下有電梯),572
南港區,13.89,1130329,六層,住宅大樓(11層含以上有電梯),586
士林區,74.76,1130401,十四層,住宅大樓(11層含以上有電梯),451
中山區,4.23,1130322,九層,住宅大樓(11層含以上有電梯),494
內湖區,37.5,1130403,四層,公寓(5樓含以下無電梯),305
內湖區,10.6,1130318,一層,公寓(5樓含以下無電梯),625
士林區,38.8,1130318,三層,公寓(5樓含以下無電梯),269
萬華區,36.0,1130311,全,透天厝,300
南港區,32.63,1130403,一層,公寓(5樓含以下無電梯),425
萬華區,27.5,1130323,三層,公寓(5樓含以下無電梯),276
內湖區,51.8,1130410,五層,公寓(5樓含以下無電梯),175
信義區,103.67,1130323,一層,公寓(5樓含以下無電梯),366
內湖區,10.2,1130324,九層,華廈(10層含以下有電梯),482
信義區,10.02,1130327,二層,華廈(10層含以下有電梯),625
中山區,6.46,1130323,五層,華廈(10層含以下有電梯),731
松山區,29.5,1130323,二層,公寓(5樓含以下無電梯),470
中正區,39.84,1130305,見其他登記事項,公寓(5樓含以下無電梯),477
中正區,32.26,1130402,四層,辦公商業大樓,272
內湖區,27.7,1130402,五層,公寓(5樓含以下無電梯),403
北投區,25.99,1130414,五層,公寓(5樓含以下無電梯),204
北投區,25.99,1130414,五層,公寓(5樓含以下無電梯),204
士林區,9.05,1130329,七層,辦公商業大樓,580
士林區,48.74,1130319,八層,住宅大樓(11層含以上有電梯),462
內湖區,18.87,1130329,三層,華廈(10層含以下有電梯),362
中山區,7.26,1130329,二層,華廈(10層含以下有電梯),838
中山區,12.13,1130330,二層,華廈(10層含以下有電梯),434
士林區,13.57,1130330,五層,華廈(10層含以下有電梯),693
萬華區,41.5,1130416,一層,店面(店鋪),518
松山區,5.64,1130326,見其他登記事項,店面(店鋪),539
中正區,4.16,1130331,十層,住宅大樓(11層含以上有電梯),716
南港區,23.25,1130412,二層,公寓(5樓含以下無電梯),327
南港區,210.35,1130417,二層,廠辦,161
士林區,30.11,1130415,一層,華廈(10層含以下有電梯),1002
士林區,430.65,1130410,見其他登記事項,其他,565
大安區,1.5,1130319,八層,住宅大樓(11層含以上有電梯),390
南港區,19.5,1130325,一層,公寓(5樓含以下無電梯),523
士林區,38.0,1130329,一層,公寓(5樓含以下無電梯),370
大安區,8.79,1130331,八層,辦公商業大樓,547
萬華區,24.0,1130412,全,透天厝,688
萬華區,26.0,1130408,全,透天厝,614
北投區,38.0,1130419,一層,公寓(5樓含以下無電梯),324
中正區,40.31,1130401,三層,華廈(10層含以下有電梯),380
中正區,16.13,1130325,見其他登記事項,華廈(10層含以下有電梯),226
中山區,18.19,1130415,六層,住宅大樓(11層含以上有電梯),309
內湖區,33.45,1130402,二層,住宅大樓(11層含以上有電梯),345
士林區,12.64,1130416,一層,公寓(5樓含以下無電梯),532
內湖區,8.39,1130402,九層,住宅大樓(11層含以上有電梯),457
士林區,18.74,1130413,九層,華廈(10層含以下有電梯),273
內湖區,33.87,1130423,一層,住宅大樓(11層含以上有電梯),398
內湖區,33.03,1130414,三層,公寓(5樓含以下無電梯),263
萬華區,24.07,1130409,四層,華廈(10層含以下有電梯),230
松山區,40.0,1130401,一層,公寓(5樓含以下無電梯),538
內湖區,31.19,1130330,一層,公寓(5樓含以下無電梯),355
內湖區,12.49,1130401,八層,住宅大樓(11層含以上有電梯),533
文山區,80.82,1130409,十四層,住宅大樓(11層含以上有電梯),167
內湖區,4.22,1130426,二層,住宅大樓(11層含以上有電梯),562
內湖區,29.6,1130409,一層,公寓(5樓含以下無電梯),215
南港區,25.0,1130422,六層,公寓(5樓含以下無電梯),288
北投區,58.5,1130421,見其他登記事項,公寓(5樓含以下無電梯),447
內湖區,6.57,1130429,十層,辦公商業大樓,338
信義區,29.98,1130422,五層,公寓(5樓含以下無電梯),283
士林區,37.75,1130411,四層,公寓(5樓含以下無電梯),266
北投區,6.09,1130427,二層,華廈(10層含以下有電梯),426
士林區,73.0,1130430,一層,公寓(5樓含以下無電梯),728
文山區,8.75,1130430,四層,住宅大樓(11層含以上有電梯),774
大安區,3.68,1130413,十二層,住宅大樓(11層含以上有電梯),738
文山區,7.2,1100709,四層,住宅大樓(11層含以上有電梯),348
內湖區,23.99,1130414,五層,住宅大樓(11層含以上有電梯),358
內湖區,26.2,1130414,四層,公寓(5樓含以下無電梯),292
松山區,10.17,1130414,三層,華廈(10層含以下有電梯),483
信義區,45.2,1130423,四層,住宅大樓(11層含以上有電梯),461
萬華區,13.0,1130418,一層,公寓(5樓含以下無電梯),426
萬華區,62.0,1130428,全,透天厝,464
中正區,39.7,1130411,五層,住宅大樓(11層含以上有電梯),566
中正區,33.6,1130424,五層,公寓(5樓含以下無電梯),304
文山區,50.85,1130425,四層,公寓(5樓含以下無電梯),277
中正區,18.83,1130415,三層,公寓(5樓含以下無電梯),510
內湖區,80.21,1130422,二層,公寓(5樓含以下無電梯),312
內湖區,19.42,1130415,七層,華廈(10層含以下有電梯),411
信義區,74.24,1130429,四層,公寓(5樓含以下無電梯),247
士林區,32.5,1130412,二層,公寓(5樓含以下無電梯),342
士林區,48.62,1130415,三層,華廈(10層含以下有電梯),200
大安區,143.89,1130424,三層,華廈(10層含以下有電梯),389
南港區,10.55,1130507,一層,住宅大樓(11層含以上有電梯),517
中正區,49.25,1130415,四層,公寓(5樓含以下無電梯),265
萬華區,143.0,1130506,二層,華廈(10層含以下有電梯),593
中山區,7.88,1130430,一層,店面(店鋪),1134
信義區,29.13,1130419,三層,公寓(5樓含以下無電梯),342
北投區,7.79,1130504,一層,住宅大樓(11層含以上有電梯),543
北投區,37.7,1130419,四層,公寓(5樓含以下無電梯),279
士林區,30.56,1130419,三層,公寓(5樓含以下無電梯),315
士林區,28.33,1130501,一層,公寓(5樓含以下無電梯),372
士林區,28.4,1130423,見其他登記事項,公寓(5樓含以下無電梯),306
北投區,193.91,1120809,全,透天厝,417
松山區,16.07,1130426,二層,公寓(5樓含以下無電梯),760
北投區,91.43,1130507,三層,公寓(5樓含以下無電梯),273
內湖區,19.26,1130429,七層,廠辦,282
北投區,17.18,1130413,二層,華廈(10層含以下有電梯),440
